136304061,"""Krista Russo""","""East Poplars""","""Kinard""","""Savingsl""",505434089
538328456,"""Milosz Pollard""","""Bargate Rise""","""Oplormery""","""Checking""",161109949
235946416,"""Aneesa Gilmore""","""Albemarle Parkway""","""Sekfield""","""Savings""",439944216
302128023,"""Lachlan Hough""","""Richardson End""","""Vehburgh""","""Checking""",439944216
508386195,"""Ismaeel Molloy""","""Plant Close""","""Quofrora""","""Savings""",446106485
222323630,"""June Ferguson""","""Ashburnham Parade""","""Yrin""","""Checking""",286745536
543502740,"""Cecilia Howe""","""Richardson Acres""","""Xul""","""Savings""",337703027
387820486,"""Gracie Almond""","""Freeman Lawn""","""Greigh""","""Checking""",446106485
434144425,"""Zahra Robinson""","""Pinfold Firs""","""Alegate""","""Checking""",506138525
344065891,"""Dannielle Sierra""","""Bradford Piece""","""Erymouth""","""Checking""",505029657
